/*
SQLyog Ultimate v12.09 (64 bit)
MySQL - 8.0.30 : Database - auctiondb
*********************************************************************
*/

/*!40101 SET NAMES utf8 */;

/*!40101 SET SQL_MODE=''*/;

/*!40014 SET @OLD_UNIQUE_CHECKS=@@UNIQUE_CHECKS, UNIQUE_CHECKS=0 */;
/*!40014 SET @OLD_FOREIGN_KEY_CHECKS=@@FOREIGN_KEY_CHECKS, FOREIGN_KEY_CHECKS=0 */;
/*!40101 SET @OLD_SQL_MODE=@@SQL_MODE, SQL_MODE='NO_AUTO_VALUE_ON_ZERO' */;
/*!40111 SET @OLD_SQL_NOTES=@@SQL_NOTES, SQL_NOTES=0 */;
CREATE DATABASE /*!32312 IF NOT EXISTS*/`auctiondb` /*!40100 DEFAULT CHARACTER SET utf8mb4 COLLATE utf8mb4_0900_ai_ci */ /*!80016 DEFAULT ENCRYPTION='N' */;

USE `auctiondb`;

/*Table structure for table `auction` */

DROP TABLE IF EXISTS `auction`;

CREATE TABLE `auction` (
  `auctionId` int NOT NULL AUTO_INCREMENT,
  `auctionName` varchar(50) NOT NULL,
  `auctionStartPrice` decimal(9,2) NOT NULL,
  `auctionUpset` decimal(9,2) NOT NULL,
  `auctionStartTime` datetime NOT NULL,
  `auctionEndTime` datetime NOT NULL,
  `auctionPic` varchar(50) NOT NULL,
  `auctionPicType` varchar(20) DEFAULT NULL,
  `auctionDesc` varchar(500) DEFAULT NULL,
  PRIMARY KEY (`auctionId`)
) ENGINE=InnoDB AUTO_INCREMENT=88 DEFAULT CHARSET=utf8mb3;

/*Data for the table `auction` */

insert  into `auction`(`auctionId`,`auctionName`,`auctionStartPrice`,`auctionUpset`,`auctionStartTime`,`auctionEndTime`,`auctionPic`,`auctionPicType`,`auctionDesc`) values (2,'旧电脑','100.00','100.00','2017-04-20 00:00:00','2019-11-01 00:00:00','book_10.gif','image/gif','差价'),(4,'旧电脑2','100.00','100.00','2017-04-20 00:00:00','2019-12-01 00:00:00','book_04.gif','image/gif','very good'),(5,'旧桌子','200.00','200.00','2017-04-20 00:00:00','2019-11-28 00:00:00','images/33232242.jpg','jpg','very good'),(7,'旧电脑5','100.00','100.00','2017-04-20 00:00:00','2017-04-30 00:00:00','book_01.gif','image/gif','very good'),(8,'旧桌子2','200.00','200.00','2017-04-20 00:00:00','2017-04-30 00:00:00','book_10.gif','image/gif','very good'),(9,'旧桌子3','200.00','200.00','2017-04-20 00:00:00','2017-04-30 00:00:00','book_09.gif','image/gif','very good'),(11,'花瓶','1000.00','1000.00','2017-04-23 00:00:00','2017-04-30 00:00:00','book_09.gif','image/gif','差评'),(13,'旧碗','56.00','56.00','2017-04-23 00:00:00','2017-04-30 00:00:00','ad20.jpg','jpg','sss'),(14,'显示器','1222.00','1222.00','2017-04-24 00:00:00','2018-04-28 00:00:00','book_06.gif','image/gif','dsds'),(16,'旧拖鞋','10.00','10.00','2017-06-14 00:00:00','2017-06-30 00:00:00','book_08.gif','image/gif','标杆'),(19,'牛角杯888','100.00','100.00','2017-07-15 00:00:00','2017-07-29 00:00:00','book_06.gif','gif','very good'),(20,'AK74','100.00','100.00','2017-07-22 00:00:00','2017-07-31 00:00:00','book_01.gif','gif','好'),(21,'二手尿壶99','100.00','100.00','2018-03-13 00:00:00','2018-03-31 00:00:00','book_05.gif','image/gif','好用!'),(22,'二手宝马444','10000.00','10000.00','2018-03-10 00:00:00','2018-03-31 00:00:00','ad20.jpg','image/jpeg','ssss'),(23,'二手尿壶82','500.00','100.00','2018-03-08 00:00:00','2018-03-31 00:00:00','book_05.gif','image/gif','sss'),(25,'显示器007','100.00','100.00','2018-04-08 00:00:00','2018-04-30 00:00:00','ad20.jpg','image/jpeg','非常好'),(29,'杯子10000','100.00','100.00','2018-05-08 00:00:00','2018-05-29 00:00:00','61Z58PICgN6.jpg','image/jpeg','差评'),(31,'二手尿壶777','1000.00','1000.00','2018-06-10 00:00:00','2018-06-30 00:00:00','61Z58PICgN6.jpg','image/jpeg','好用'),(32,'二手古董尿壶008','2000.00','2000.00','2018-06-22 00:00:00','2018-06-30 00:00:00','61Z58PICgN6.jpg','image/jpeg','好用'),(33,'二手古董尿壶11111','90.00','90.00','2018-06-30 00:00:00','2018-07-21 00:00:00','61Z58PICgN6.jpg','image/jpeg','好用'),(34,'宝马0900','2000.00','2000.00','2018-07-01 00:00:00','2018-07-31 00:00:00','ad20.jpg','image/jpeg','ssss'),(35,'二手古董尿壶0000','2000.00','2000.00','2018-07-02 00:00:00','2018-11-30 00:00:00','61Z58PICgN6.jpg','image/jpeg','sss'),(36,'iphone8','8000.00','8000.00','2018-07-05 10:33:13','2018-11-30 00:00:00','xxx.jpg','jpg','好用'),(38,'二手古董尿壶007','90.00','90.00','2018-07-08 00:00:00','2018-12-01 00:00:00','61Z58PICgN6.jpg','image/jpeg','好用'),(40,'旧中华字典008','10.00','10.00','2018-12-04 00:00:00','2019-02-01 00:00:00','61Z58PICgN6.jpg','image/jpeg','very good'),(42,'花瓶8888','1000.00','1000.00','2019-01-18 00:00:00','2019-01-31 00:00:00','ad20.jpg','image/jpeg','sssafds'),(43,'三手电脑1','1111.00','1111.00','2019-03-23 00:00:00','2019-03-31 00:00:00','abc.jpg','image/jpeg','ddd'),(44,'三手电脑2','1111.00','1111.00','2019-03-09 00:00:00','2019-03-31 00:00:00','abc.jpg','image/jpeg','大哥大'),(45,'三手电脑8888','1111.00','1111.00','2019-03-29 00:00:00','2019-03-31 00:00:00','abc.jpg','image/jpeg','dssafs'),(46,'AK74','111.00','111.00','2019-03-31 16:00:00','2019-04-29 16:00:00','timg.jpg','image/jpeg','aaaa'),(47,'abck','22.00','22.00','2019-04-06 16:00:00','2019-04-25 16:00:00','timg (2).jpg','image/jpeg','222'),(49,'四手电脑','111.00','111.00','2019-04-05 16:00:00','2019-04-26 16:00:00','timg.jpg','image/jpeg','sss'),(50,'四手电脑22','111.00','111.00','2019-04-02 16:00:00','2019-04-26 16:00:00','timg (2).jpg','image/jpeg','111'),(51,'三手电脑3','1111.00','1111.00','2019-04-05 00:00:00','2019-09-29 00:00:00','abc.jpg','image/jpeg','dfsa'),(52,'三手电脑888','1111.00','1111.00','2019-04-19 00:00:00','2019-07-07 00:00:00','58072422Ndd7e66c4.jpg','image/jpeg','good'),(53,'三手电脑99900','1111.00','1111.00','2019-06-08 00:00:00','2019-06-30 00:00:00','58072422Ndd7e66c4.jpg','image/jpeg','safdasf'),(54,'三手电脑99901','1111.00','1111.00','2019-06-02 00:00:00','2019-09-22 00:00:00','timg (1).jpg','image/jpeg','aa'),(55,'三手电脑9988','1111.00','1111.00','2019-06-16 00:00:00','2019-12-24 00:00:00','58072422Ndd7e66c4.jpg','image/jpeg','sdsaf'),(56,'三手电脑998','1111.00','1111.00','2019-06-08 00:00:00','2019-06-28 00:00:00','58072422Ndd7e66c4.jpg','image/jpeg','sff'),(57,'三手电脑9999','1111.00','1111.00','2019-08-16 00:00:00','2019-12-25 00:00:00','abc.jpg','image/jpeg','afsafdsafsaf'),(58,'三手电脑9898','1111.00','1111.00','2019-10-11 00:00:00','2019-11-14 00:00:00','58072422Ndd7e66c4.jpg','image/jpeg','ssss'),(59,'二手电脑9898','3000.00','3000.00','2019-10-31 00:00:00','2019-12-31 00:00:00','timg (1).jpg','image/jpeg','ok'),(60,'三手电脑sfdsa','1000.00','1000.00','2019-12-14 00:00:00','2019-12-31 00:00:00','58072422Ndd7e66c4.jpg','image/jpeg','ssss'),(61,'三手电脑777777','1000.00','1000.00','2019-12-14 00:00:00','2019-12-31 00:00:00','abc.jpg','image/jpeg','good'),(62,'三手电脑777777','1000.00','1000.00','2020-03-12 00:00:00','2020-03-31 00:00:00','abc.jpg','image/jpeg','ss'),(63,'测试商品01','1111.00','1111.00','2020-03-12 00:00:00','2020-03-31 00:00:00','58072422Ndd7e66c4.jpg','image/jpeg','good'),(64,'测试商品02','1000.00','1000.00','2020-03-12 00:00:00','2020-03-31 00:00:00','abc.jpg','image/jpeg','good'),(65,'测试商品01','1000.00','1000.00','2020-05-01 00:00:00','2020-05-31 00:00:00','58072422Ndd7e66c4.jpg','image/jpeg','sfsadfadf'),(66,'AK74','111.00','111.00','2020-05-08 00:00:00','2020-05-27 00:00:00','abc.jpg','image/jpeg','dad'),(67,'四手电脑ttt','111.00','111.00','2020-05-28 00:00:00','2020-07-31 00:00:00','58072422Ndd7e66c4.jpg','image/jpeg','ss'),(69,'五手电脑ddddd','1111.00','1111.00','2020-06-04 00:00:00','2020-06-28 00:00:00','timg (1).jpg','image/jpeg','sss'),(70,'五手电脑7777','10.00','10.00','2020-06-04 00:00:00','2020-06-30 00:00:00','timg.jpg','image/jpeg','dssfas'),(71,'五手电脑77','1111.00','1111.00','2020-06-12 00:00:00','2020-06-30 00:00:00','abc.jpg','image/jpeg','sss'),(72,'五手电脑44','10.00','10.00','2020-06-12 00:00:00','2020-07-30 00:00:00','58072422Ndd7e66c4.jpg','image/jpeg','ss'),(73,'五手电脑4999','1000.00','1000.00','2020-06-07 00:00:00','2020-07-31 00:00:00','abc.jpg','image/jpeg','sss'),(74,'五手电脑999','10.00','10.00','2020-07-06 00:00:00','2020-07-31 00:00:00','3e6b71523105610f.jpg','image/jpeg','very good'),(75,'五手电脑11','10.00','10.00','2020-07-23 00:00:00','2020-07-31 00:00:00','abc.jpg','image/jpeg','sdsdf'),(76,'ass001','1111.00','1111.00','2020-09-11 00:00:00','2020-09-30 00:00:00','abc.jpg','image/jpeg','kkkkk'),(77,'五手电脑0000','1111.00','1111.00','2020-09-03 00:00:00','2020-09-30 00:00:00','3e6b71523105610f.jpg','image/jpeg','sss'),(78,'六手华为','1111.00','1111.00','2020-09-04 00:00:00','2020-09-30 00:00:00','3e6b71523105610f.jpg','image/jpeg','very good'),(79,'测试','123.00','121.00','2022-11-30 16:00:00','2022-12-04 16:00:00','img1.jpg','image/jpeg','测试'),(81,'测试12','123.00','121.00','2022-11-30 16:00:00','2022-12-04 16:00:00','img1.jpg','image/jpeg','pic'),(84,'测试133','1.00','1.00','2021-12-01 16:00:00','2022-12-24 16:00:00','img1.jpg','image/jpeg','测试查询拍卖中商品'),(85,'测试11','123.00','123.00','2022-11-30 16:00:00','2022-12-14 16:00:00','aa59af98a8a321117249a71d2f5e6661.jpg','image/jpeg','11'),(87,'康熙陶瓷','123.00','123.00','2021-12-09 16:00:00','2022-12-24 16:00:00','img1.jpg','image/jpeg','测试！');

/*Table structure for table `auctionrecord` */

DROP TABLE IF EXISTS `auctionrecord`;

CREATE TABLE `auctionrecord` (
  `id` int NOT NULL AUTO_INCREMENT,
  `userId` int DEFAULT NULL,
  `auctionId` int NOT NULL,
  `auctionTime` datetime NOT NULL,
  `auctionPrice` decimal(9,2) NOT NULL,
  PRIMARY KEY (`id`),
  KEY `FK_rec_REF_user` (`userId`),
  KEY `FK_rec_REF_AUC` (`auctionId`),
  CONSTRAINT `FK_rec_REF_AUC` FOREIGN KEY (`auctionId`) REFERENCES `auction` (`auctionId`),
  CONSTRAINT `FK_rec_REF_user` FOREIGN KEY (`userId`) REFERENCES `auctionuser` (`userId`)
) ENGINE=InnoDB AUTO_INCREMENT=91 DEFAULT CHARSET=utf8mb3;

/*Data for the table `auctionrecord` */

insert  into `auctionrecord`(`id`,`userId`,`auctionId`,`auctionTime`,`auctionPrice`) values (6,5,2,'2017-04-25 09:27:40','123.00'),(9,5,16,'2017-06-14 20:45:57','19.00'),(10,5,20,'2017-07-18 15:33:10','110.00'),(11,5,20,'2017-07-18 15:33:45','120.00'),(12,9,21,'2018-03-13 16:18:19','110.00'),(13,5,21,'2018-03-13 16:19:03','120.00'),(14,10,14,'2018-03-14 08:47:43','1555.00'),(16,10,21,'2018-03-14 08:48:20','130.00'),(17,5,21,'2018-03-24 09:36:27','145.00'),(24,5,29,'2018-05-10 14:29:42','110.00'),(25,5,29,'2018-05-10 14:30:05','120.00'),(28,5,31,'2018-06-14 14:52:51','1100.00'),(29,5,31,'2018-06-19 09:19:55','1200.00'),(30,5,31,'2018-06-21 09:30:30','1300.00'),(31,5,32,'2018-06-26 19:41:06','2100.00'),(32,5,34,'2018-07-01 09:16:56','2400.00'),(33,5,35,'2018-07-02 19:57:20','2200.00'),(34,5,33,'2018-07-07 10:37:17','100.00'),(35,5,33,'2018-07-07 10:37:36','120.00'),(38,5,38,'2018-10-21 10:13:30','100.00'),(45,5,40,'2018-12-05 09:35:27','11.00'),(46,5,40,'2018-12-05 09:35:51','12.00'),(47,10,43,'2019-03-26 16:52:24','1200.00'),(48,10,43,'2019-03-26 17:20:47','1377.00'),(49,10,45,'2019-03-28 16:32:35','1211.00'),(50,10,45,'2019-03-28 16:34:38','1250.00'),(51,10,46,'2019-04-02 06:31:09','112.00'),(52,10,50,'2019-04-02 08:37:59','122.00'),(53,10,47,'2019-04-13 14:33:16','23.00'),(54,10,52,'2019-04-20 15:00:19','1200.00'),(55,10,52,'2019-06-01 16:38:27','1233.00'),(56,10,51,'2019-06-01 16:38:58','1122.00'),(57,5,53,'2019-06-16 12:00:59','2222.00'),(58,5,53,'2019-06-19 09:13:13','23333.00'),(59,10,53,'2019-06-20 15:16:34','29999.00'),(60,10,55,'2019-06-22 09:19:13','1999.00'),(61,10,4,'2019-08-02 14:56:05','101.00'),(62,5,57,'2019-10-30 09:08:45','1115.00'),(63,5,59,'2019-11-01 11:29:41','3500.00'),(64,10,57,'2019-12-13 08:36:44','2222.00'),(65,5,60,'2019-12-17 09:41:13','1100.00'),(66,10,60,'2019-12-27 19:09:19','1200.00'),(67,10,61,'2019-12-30 19:40:59','1100.00'),(68,10,61,'2019-12-30 19:41:57','1200.00'),(69,5,62,'2020-03-12 08:41:44','1100.00'),(70,5,63,'2020-03-12 09:09:01','1200.00'),(71,10,65,'2020-05-08 09:08:46','1999.00'),(72,10,65,'2020-05-09 14:46:14','2000.00'),(73,10,65,'2020-05-29 13:27:55','3000.00'),(74,10,65,'2020-05-29 15:42:09','4000.00'),(75,10,67,'2020-05-29 23:53:39','122.00'),(76,10,67,'2020-05-31 09:43:19','150.00'),(77,10,71,'2020-06-04 14:46:04','2222.00'),(78,10,72,'2020-06-06 17:03:27','11.00'),(79,10,72,'2020-06-06 17:04:00','15.00'),(80,10,72,'2020-07-05 16:30:32','18.00'),(81,10,72,'2020-07-06 10:07:10','19.00'),(82,10,76,'2020-09-16 08:59:23','1211.00'),(83,10,77,'2020-09-16 09:28:15','2222.00'),(84,10,76,'2020-09-18 11:46:10','1233.00'),(85,10,78,'2020-09-18 14:47:59','1200.00'),(86,5,78,'2020-09-18 14:48:22','1255.00'),(87,10,81,'2022-12-09 15:54:50','133.00'),(88,10,78,'2022-12-09 16:04:01','11111.00'),(89,10,85,'2022-12-10 13:13:02','133.00'),(90,1,87,'2022-12-10 13:18:06','133.00');

/*Table structure for table `auctionuser` */

DROP TABLE IF EXISTS `auctionuser`;

CREATE TABLE `auctionuser` (
  `userId` int NOT NULL AUTO_INCREMENT COMMENT '用户表',
  `userName` varchar(20) NOT NULL,
  `userPassword` varchar(20) NOT NULL,
  `userCardNo` varchar(20) DEFAULT NULL,
  `userTel` varchar(20) DEFAULT NULL,
  `userAddress` varchar(200) DEFAULT NULL,
  `userPostNumber` varchar(6) DEFAULT NULL,
  `userIsadmin` int DEFAULT '0',
  `userQuestion` varchar(100) DEFAULT NULL,
  `userAnswer` varchar(100) DEFAULT NULL,
  PRIMARY KEY (`userId`)
) ENGINE=InnoDB AUTO_INCREMENT=35 DEFAULT CHARSET=utf8mb3;

/*Data for the table `auctionuser` */

insert  into `auctionuser`(`userId`,`userName`,`userPassword`,`userCardNo`,`userTel`,`userAddress`,`userPostNumber`,`userIsadmin`,`userQuestion`,`userAnswer`) values (1,'旺财','8888',NULL,NULL,NULL,NULL,0,NULL,NULL),(4,'Mike','00000',NULL,NULL,NULL,NULL,1,NULL,NULL),(5,'test1','999','123456789012345678','8787878','广东省广州','600600',0,'',''),(7,'张三','0000',NULL,NULL,NULL,NULL,1,NULL,NULL),(8,'李四','10000','123456789012345678',NULL,NULL,'511500',0,NULL,NULL),(9,'Jack','99999','12345646456464','99999999','gangdong','599599',0,'',''),(10,'kk','11','123456789012345','12234','sadfsaf','23443',0,'',''),(11,'kkkkkk','1231313','123456789012345678','3234444','ewqeqe','122122',0,NULL,NULL),(12,'mike','1234567','asdadad','1234567','werwrewr','323',NULL,NULL,NULL),(13,'jason','1234567','32131313','12345678','dsfas','324234',NULL,NULL,NULL),(14,'jack','1234567','123456789012345678','120','sdfsaf','332333',NULL,NULL,NULL),(15,'mikd','12345678','123456789012345678','120','sss','324234',NULL,NULL,NULL),(16,'jack','1234','123456789012345678','23233','dfsf','122122',NULL,NULL,NULL),(17,'kate','123','123456789012345678','2222','asdad','324234',0,NULL,NULL),(18,'mike','1223','123456789012345678','110','fsfs','324234',NULL,NULL,NULL),(19,'Mike','123456','123456789012345678','110','sss','511500',0,NULL,NULL),(20,'jackd','1234567','123456789012345678','110','erwr','1313',0,NULL,NULL),(21,'aaaa','aaa111','111111111111111111','11111111111','aaa','aaa',NULL,NULL,NULL),(22,'kkkk','1234567','123456789012345678','322','sdfaf','2324',0,NULL,NULL),(23,'sdasss','1234567','123456789012345678','123132','3qe2e','sfsf',0,NULL,NULL),(24,'zhangsan','12345','123456789012345678','110','afa','3331',NULL,NULL,NULL),(25,'jack01','1234567','123456789012345678','110','广东省广州','500500',0,NULL,NULL),(28,'zhang','sdsfaf','123456789012345678','1234567','asfdaf','afsfds',0,NULL,NULL),(32,'zhang02','sdsfaf','123456789012345678','1234567','asfdaf','afsfds',0,NULL,NULL),(33,'jack','1234567','123456789012345678','312','3241','23421',NULL,NULL,NULL),(34,'jack','1234567','123456789012345678','110','dsafsadf','23424',0,NULL,NULL);

/*!40101 SET SQL_MODE=@OLD_SQL_MODE */;
/*!40014 SET FOREIGN_KEY_CHECKS=@OLD_FOREIGN_KEY_CHECKS */;
/*!40014 SET UNIQUE_CHECKS=@OLD_UNIQUE_CHECKS */;
/*!40111 SET SQL_NOTES=@OLD_SQL_NOTES */;
